{"cameraMode":{"drawMode":0,"name":"Shaded","section":"Shading Mode"},"sceneLighting":true,"audioPlay":false,"sceneViewState":{"m_AlwaysRefresh":false,"showFog":true,"showSkybox":true,"showFlares":true,"showImageEffects":true,"showParticleSystems":true,"showVisualEffectGraphs":true,"m_FxEnabled":false},"in2DMode":false,"pivot":{"x":-2.029388666152954,"y":5.541515350341797,"z":0.8728686571121216},"rotation":{"x":0.44701045751571658,"y":0.07764805853366852,"z":-0.038985103368759158,"w":0.8903203010559082},"size":1.2049155235290528,"orthographic":false}