{"cameraMode":{"drawMode":0,"name":"Shaded","section":"Shading Mode"},"sceneLighting":true,"audioPlay":false,"sceneViewState":{"m_AlwaysRefresh":false,"showFog":true,"showSkybox":true,"showFlares":true,"showImageEffects":true,"showParticleSystems":true,"showVisualEffectGraphs":true,"m_FxEnabled":false},"in2DMode":false,"pivot":{"x":-2.762019157409668,"y":8.497980117797852,"z":-8.053268432617188},"rotation":{"x":0.21754249930381776,"y":-0.01171921007335186,"z":0.0026107782032340767,"w":0.9759892821311951},"size":3.559149742126465,"orthographic":false}