{"cameraMode":{"drawMode":0,"name":"Shaded","section":"Shading Mode"},"sceneLighting":true,"audioPlay":false,"sceneViewState":{"m_AlwaysRefresh":false,"showFog":true,"showSkybox":true,"showFlares":true,"showImageEffects":true,"showParticleSystems":true,"showVisualEffectGraphs":true,"m_FxEnabled":false},"in2DMode":false,"pivot":{"x":-8.942971229553223,"y":4.915935039520264,"z":-3.0932466983795168},"rotation":{"x":0.4871455132961273,"y":-0.000008387001798837446,"z":-0.00000135815162138897,"w":0.8733391165733337},"size":4.612640857696533,"orthographic":false}