{"cameraMode":{"drawMode":0,"name":"Shaded","section":"Shading Mode"},"sceneLighting":true,"audioPlay":false,"sceneViewState":{"m_AlwaysRefresh":false,"showFog":true,"showSkybox":true,"showFlares":true,"showImageEffects":true,"showParticleSystems":true,"showVisualEffectGraphs":true,"m_FxEnabled":false},"in2DMode":false,"pivot":{"x":-9.814573287963868,"y":4.089443683624268,"z":-3.12815260887146},"rotation":{"x":0.2986792027950287,"y":-0.004300347063690424,"z":0.0013468071119859815,"w":0.9543510675430298},"size":0.8660253882408142,"orthographic":false}