{"cameraMode":{"drawMode":0,"name":"Shaded","section":"Shading Mode"},"sceneLighting":true,"audioPlay":false,"sceneViewState":{"m_AlwaysRefresh":false,"showFog":true,"showSkybox":false,"showFlares":true,"showImageEffects":true,"showParticleSystems":true,"showVisualEffectGraphs":true,"m_FxEnabled":false},"in2DMode":false,"pivot":{"x":-3.255402088165283,"y":4.095415115356445,"z":0.11978530883789063},"rotation":{"x":0.23767799139022828,"y":-0.050975341349840167,"z":0.012489832937717438,"w":0.9699375629425049},"size":24.24871063232422,"orthographic":false}