{"cameraMode":{"drawMode":0,"name":"Shaded","section":"Shading Mode"},"sceneLighting":false,"audioPlay":false,"sceneViewState":{"m_AlwaysRefresh":false,"showFog":true,"showSkybox":false,"showFlares":true,"showImageEffects":true,"showParticleSystems":true,"showVisualEffectGraphs":true,"m_FxEnabled":false},"in2DMode":false,"pivot":{"x":-9.678712844848633,"y":0.3490469753742218,"z":0.7204341888427734},"rotation":{"x":-0.007920523174107075,"y":-0.7511590719223023,"z":-0.009014343842864037,"w":0.6600121855735779},"size":1.7744311094284058,"orthographic":false}